,x,y,v,phi,a,delta,i_traj
0,1.4942041648310165,-0.13173425447333334,14.4,-0.05269370178933334,-6.0,-0.17453292519943295,0.0
1,2.9199883580578856,-0.33357437522341055,13.8,-0.10327965550709334,-6.0,-0.17453292519943295,0.0
2,4.274836338174486,-0.5958470401619582,13.200000000000001,-0.15175786115328002,-6.0,-0.17453292519943295,0.0
3,5.557098422439243,-0.9092221305201464,12.600000000000001,-0.19812831872789335,-6.0,-0.17453292519943295,0.0
4,6.765894332064779,-1.2647674143766112,12.000000000000002,-0.24239102823093336,-6.0,-0.17453292519943295,0.0
5,7.901017869860153,-1.6539904274975128,11.400000000000002,-0.2845459896624,-6.0,-0.17453292519943295,0.0
6,8.962844540344934,-2.0688688697516344,10.800000000000002,-0.32459320302229333,-6.0,-0.17453292519943295,0.0
7,9.952242991398053,-2.501870838631325,10.200000000000003,-0.36253266831061337,-6.0,-0.17453292519943295,0.0
8,10.870490948204335,-2.9459661998107567,9.600000000000003,-0.39836438552736003,-6.0,-0.17453292519943295,0.0
9,11.719196125214406,-3.3946303531775097,9.000000000000004,-0.43208835467253337,-6.0,-0.17453292519943295,0.0
10,12.500222440010123,-3.841841595876774,8.400000000000004,-0.4637045757461334,-6.0,-0.17453292519943295,0.0
11,13.215621713836908,-4.282073215604513,7.800000000000004,-0.4932130487481601,-6.0,-0.17453292519943295,0.0
12,13.867570926207383,-4.710281371166172,7.200000000000005,-0.5206137736786134,-6.0,-0.17453292519943295,0.0
13,14.458314994190006,-5.121889736172695,6.600000000000005,-0.5459067505374934,-6.0,-0.17453292519943295,0.0
14,14.990114969362986,-5.512771798188873,6.000000000000005,-0.5690919793248,-6.0,-0.17453292519943295,0.0
15,15.465201485401595,-5.879231621741603,5.400000000000006,-0.5901694600405334,-6.0,-0.17453292519943295,0.0
16,15.885733245274304,-6.217983800979409,4.800000000000006,-0.6091391926846934,-6.0,-0.17453292519943295,0.0
17,16.25376030743292,-6.526133247707613,4.200000000000006,-0.6260011772572801,-6.0,-0.17453292519943295,0.0
18,16.571191913600885,-6.801155383917821,3.6000000000000063,-0.6407554137582935,-6.0,-0.17453292519943295,0.0
19,16.839768595252472,-7.040877235389523,3.000000000000006,-0.6534019021877335,-6.0,-0.17453292519943295,0.0
20,17.06103830016859,-7.243459854797838,2.400000000000006,-0.6639406425456003,-6.0,-0.17453292519943295,0.0
21,17.236336293174542,-7.407382439111549,1.800000000000006,-0.6723716348318937,-6.0,-0.17453292519943295,0.0
22,17.36676860502812,-7.5314284468043855,1.200000000000006,-0.6786948790466136,-6.0,-0.17453292519943295,0.0
23,17.45319882924409,-7.614673965254192,0.6000000000000059,-0.6829103751897603,-6.0,-0.17453292519943295,0.0
24,17.49623809731625,-7.656478527251811,5.773159728050814e-15,-0.6850181232613336,-6.0,-0.17453292519943295,0.0
25,17.49623809731625,-7.656478527251811,0.0,-0.6850181232613336,-6.0,-0.17453292519943295,0.0
26,1.496760702073578,-0.0985261423593253,14.4,-0.039410456943730125,-6.0,-0.1308996938995747,1.0
27,2.9288085659094376,-0.2496516388288195,13.8,-0.07724449560971104,-6.0,-0.1308996938995747,1.0
28,4.294727520429721,-0.4462868586705777,13.200000000000001,-0.11350211599794274,-6.0,-0.1308996938995747,1.0
29,5.593581943913141,-0.6816104371695288,12.600000000000001,-0.14818331810842525,-6.0,-0.1308996938995747,1.0
30,6.824863213812363,-0.9490920896157482,12.000000000000002,-0.18128810194115855,-6.0,-0.1308996938995747,1.0
31,7.988437813352236,-1.2425101383203665,11.400000000000002,-0.21281646749614264,-6.0,-0.1308996938995747,1.0
32,9.084497339775874,-1.5559643048838216,10.800000000000002,-0.24276841477337752,-6.0,-0.1308996938995747,1.0
33,10.113510687781316,-1.8838843098036646,10.200000000000003,-0.2711439437728632,-6.0,-0.1308996938995747,1.0
34,11.076178617638584,-2.221034805612765,9.600000000000003,-0.2979430544945997,-6.0,-0.1308996938995747,1.0
35,11.973390860644388,-2.5625171492273298,9.000000000000004,-0.32316574693858696,-6.0,-0.1308996938995747,1.0
36,12.806185864800064,-2.9037684950903873,8.400000000000004,-0.34681202110482506,-6.0,-0.1308996938995747,1.0
37,13.575713240641369,-3.2405586639356136,7.800000000000004,-0.36888187699331393,-6.0,-0.1308996938995747,1.0
38,14.283198930692844,-3.5689852133684936,7.200000000000005,-0.3893753146040536,-6.0,-0.1308996938995747,1.0
39,14.929913095700769,-3.8854671066548305,6.600000000000005,-0.40829233393704406,-6.0,-0.1308996938995747,1.0
40,15.517140686217806,-4.186737345702029,6.000000000000005,-0.42563293499228533,-6.0,-0.1308996938995747,1.0
41,16.04615464884745,-4.469834903697298,5.400000000000006,-0.4413971177697774,-6.0,-0.1308996938995747,1.0
42,16.518191702073096,-4.732096262616308,4.800000000000006,-0.45558488226952026,-6.0,-0.1308996938995747,1.0
43,16.934430606657926,-4.971146831136908,4.200000000000006,-0.46819622849151393,-6.0,-0.1308996938995747,1.0
44,17.295972849673703,-5.184892489607719,3.6000000000000063,-0.47923115643575837,-6.0,-0.1308996938995747,1.0
45,17.603825658874978,-5.3715114807819395,3.000000000000006,-0.4886896661022536,-6.0,-0.1308996938995747,1.0
46,17.85888726496728,-5.529446838120367,2.400000000000006,-0.49657175749099963,-6.0,-0.1308996938995747,1.0
47,18.061934332927684,-5.657399517626046,1.800000000000006,-0.5028774306019965,-6.0,-0.1308996938995747,1.0
48,18.213611489543105,-5.754322374378527,1.200000000000006,-0.5076066854352441,-6.0,-0.1308996938995747,1.0
49,18.314422882372515,-5.819415101128866,0.6000000000000059,-0.5107595219907426,-6.0,-0.1308996938995747,1.0
50,18.364725715067387,-5.852120223401561,5.773159728050814e-15,-0.5123359402684918,-6.0,-0.1308996938995747,1.0
51,18.364725715067387,-5.852120223401561,0.0,-0.5123359402684918,-6.0,-0.1308996938995747,1.0
52,1.4985668815269824,-0.06555380683450368,14.4,-0.026221522733801475,-6.0,-0.08726646259971647,2.0
53,2.935046565245756,-0.16618242236315411,13.8,-0.05139418455825089,-6.0,-0.08726646259971647,2.0
54,4.308809504990055,-0.29723731691158795,13.200000000000001,-0.07551798547334826,-6.0,-0.08726646259971647,2.0
55,5.6194374931045346,-0.4542541210154609,12.600000000000001,-0.09859292547909355,-6.0,-0.08726646259971647,2.0
56,6.866700275259318,-0.6329593314921244,12.000000000000002,-0.1206190045754868,-6.0,-0.08726646259971647,2.0
57,8.050533021856594,-0.8292754746998289,11.400000000000002,-0.14159622276252798,-6.0,-0.08726646259971647,2.0
58,9.171014723269854,-1.039324889833615,10.800000000000002,-0.1615245800402171,-6.0,-0.08726646259971647,2.0
59,10.22834756230857,-1.2594322897326793,10.200000000000003,-0.18040407640855416,-6.0,-0.08726646259971647,2.0
60,11.222837304904031,-1.4861262505530248,9.600000000000003,-0.19823471186753916,-6.0,-0.08726646259971647,2.0
61,12.154874739022937,-1.7161397749402838,9.000000000000004,-0.2150164864171721,-6.0,-0.08726646259971647,2.0
62,13.024918182182246,-1.9464100661536659,8.400000000000004,-0.230749400057453,-6.0,-0.08726646259971647,2.0
63,13.833477069601924,-2.1740776430605493,7.800000000000004,-0.24543345278838183,-6.0,-0.08726646259971647,2.0
64,14.581096627926533,-2.396484918145065,7.200000000000005,-0.2590686446099586,-6.0,-0.08726646259971647,2.0
65,15.268343633502097,-2.6111743527416955,6.600000000000005,-0.2716549755221833,-6.0,-0.08726646259971647,2.0
66,15.895793249338837,-2.8158862956916053,6.000000000000005,-0.28319244552505596,-6.0,-0.08726646259971647,2.0
67,16.4640169310481,-3.0085566035876905,5.400000000000006,-0.2936810546185766,-6.0,-0.08726646259971647,2.0
68,16.97357138913758,-3.187314132774963,4.800000000000006,-0.3031208028027451,-6.0,-0.08726646259971647,2.0
69,17.424988593006336,-3.3504781853457177,4.200000000000006,-0.3115116900775616,-6.0,-0.08726646259971647,2.0
70,17.81876680072434,-3.496555983543793,3.6000000000000063,-0.318853716443026,-6.0,-0.08726646259971647,2.0
71,18.155362598135117,-3.6242402392897723,3.000000000000006,-0.3251468818991384,-6.0,-0.08726646259971647,2.0
72,18.435183930910654,-3.732406877971585,2.400000000000006,-0.33039118644589865,-6.0,-0.08726646259971647,2.0
73,18.65858411384201,-3.8201129682175714,1.800000000000006,-0.3345866300833069,-6.0,-0.08726646259971647,2.0
74,18.825856802795993,-3.8865949020801214,1.200000000000006,-0.3377332128113631,-6.0,-0.08726646259971647,2.0
75,18.937231916338014,-3.9312668629001037,0.6000000000000059,-0.3398309346300672,-6.0,-0.08726646259971647,2.0
76,18.992872495945196,-3.953719611083272,5.773159728050814e-15,-0.3408797955394193,-6.0,-0.08726646259971647,2.0
77,18.992872495945196,-3.953719611083272,0.0,-0.3408797955394193,-6.0,-0.08726646259971647,2.0
78,1.4996427005904893,-0.032737907166824114,14.4,-0.013095162866729643,-6.0,-0.043633231299858244,3.0
79,2.938764708227469,-0.08301560734203886,13.8,-0.0256665192187901,-6.0,-0.043633231299858244,3.0
80,4.31720861274816,-0.14853203344842653,13.200000000000001,-0.03771406905618137,-6.0,-0.043633231299858244,3.0
81,5.634869511874063,-0.22707982090750284,12.600000000000001,-0.049237812378903456,-6.0,-0.043633231299858244,3.0
82,6.891689219472582,-0.3165461419002429,12.000000000000002,-0.06023774918695636,-6.0,-0.043633231299858244,3.0
83,8.087650712439542,-0.4149133485305013,11.400000000000002,-0.07071387948034008,-6.0,-0.043633231299858244,3.0
84,9.222772820372485,-0.5202594451922706,10.800000000000002,-0.0806662032590546,-6.0,-0.043633231299858244,3.0
85,10.297105161347964,-0.6307584095953234,10.200000000000003,-0.09009472052309994,-6.0,-0.043633231299858244,3.0
86,11.310723326350697,-0.7446803810340845,9.600000000000003,-0.0989994312724761,-6.0,-0.043633231299858244,3.0
87,12.263724314224374,-0.860391733596378,9.000000000000004,-0.10738033550718307,-6.0,-0.043633231299858244,3.0
88,13.156222218419193,-0.9763550511060817,8.400000000000004,-0.11523743322722085,-6.0,-0.043633231299858244,3.0
89,13.988344166295656,-1.0911290196803258,7.800000000000004,-0.12257072443258946,-6.0,-0.043633231299858244,3.0
90,14.760226511303657,-1.2033682528608438,7.200000000000005,-0.12938020912328888,-6.0,-0.043633231299858244,3.0
91,15.472011277986027,-1.311823063353164,6.600000000000005,-0.1356658872993191,-6.0,-0.043633231299858244,3.0
92,16.123842859452264,-1.4153391944788372,6.000000000000005,-0.14142775896068016,-6.0,-0.043633231299858244,3.0
93,16.715864966726688,-1.5128575235167707,5.400000000000006,-0.14666582410737203,-6.0,-0.043633231299858244,3.0
94,17.248217829191482,-1.6034137481815642,4.800000000000006,-0.1513800827393947,-6.0,-0.043633231299858244,3.0
95,17.721035645214418,-1.686138066560766,4.200000000000006,-0.1555705348567482,-6.0,-0.043633231299858244,3.0
96,18.134444281969394,-1.760254859910137,3.6000000000000063,-0.15923718045943253,-6.0,-0.043633231299858244,3.0
97,18.48855922342066,-1.8250823867869739,3.000000000000006,-0.16238001954744766,-6.0,-0.043633231299858244,3.0
98,18.78348376544446,-1.8800324960867052,2.400000000000006,-0.1649990521207936,-6.0,-0.043633231299858244,3.0
99,19.019307457100556,-1.9246103656375242,1.800000000000006,-0.16709427817947034,-6.0,-0.043633231299858244,3.0
100,19.196104787136285,-1.9584142721016822,1.200000000000006,-0.1686656977234779,-6.0,-0.043633231299858244,3.0
101,19.31393411490314,-1.981135397030066,0.6000000000000059,-0.16971331075281626,-6.0,-0.043633231299858244,3.0
102,19.372836844986274,-1.9925576730184031,5.773159728050814e-15,-0.17023711726748544,-6.0,-0.043633231299858244,3.0
103,19.372836844986274,-1.9925576730184031,0.0,-0.17023711726748544,-6.0,-0.043633231299858244,3.0
104,1.5,0.0,14.4,0.0,-6.0,0.0,4.0
105,2.9400000000000004,0.0,13.8,0.0,-6.0,0.0,4.0
106,4.32,0.0,13.200000000000001,0.0,-6.0,0.0,4.0
107,5.640000000000001,0.0,12.600000000000001,0.0,-6.0,0.0,4.0
108,6.9,0.0,12.000000000000002,0.0,-6.0,0.0,4.0
109,8.100000000000001,0.0,11.400000000000002,0.0,-6.0,0.0,4.0
110,9.240000000000002,0.0,10.800000000000002,0.0,-6.0,0.0,4.0
111,10.320000000000002,0.0,10.200000000000003,0.0,-6.0,0.0,4.0
112,11.340000000000002,0.0,9.600000000000003,0.0,-6.0,0.0,4.0
113,12.300000000000002,0.0,9.000000000000004,0.0,-6.0,0.0,4.0
114,13.200000000000003,0.0,8.400000000000004,0.0,-6.0,0.0,4.0
115,14.040000000000003,0.0,7.800000000000004,0.0,-6.0,0.0,4.0
116,14.820000000000004,0.0,7.200000000000005,0.0,-6.0,0.0,4.0
117,15.540000000000004,0.0,6.600000000000005,0.0,-6.0,0.0,4.0
118,16.200000000000006,0.0,6.000000000000005,0.0,-6.0,0.0,4.0
119,16.800000000000008,0.0,5.400000000000006,0.0,-6.0,0.0,4.0
120,17.340000000000007,0.0,4.800000000000006,0.0,-6.0,0.0,4.0
121,17.820000000000007,0.0,4.200000000000006,0.0,-6.0,0.0,4.0
122,18.24000000000001,0.0,3.6000000000000063,0.0,-6.0,0.0,4.0
123,18.60000000000001,0.0,3.000000000000006,0.0,-6.0,0.0,4.0
124,18.90000000000001,0.0,2.400000000000006,0.0,-6.0,0.0,4.0
125,19.14000000000001,0.0,1.800000000000006,0.0,-6.0,0.0,4.0
126,19.32000000000001,0.0,1.200000000000006,0.0,-6.0,0.0,4.0
127,19.440000000000012,0.0,0.6000000000000059,0.0,-6.0,0.0,4.0
128,19.500000000000014,0.0,5.773159728050814e-15,0.0,-6.0,0.0,4.0
129,19.500000000000014,0.0,0.0,0.0,-6.0,0.0,4.0
130,1.4996427005904893,0.032737907166824114,14.4,0.013095162866729643,-6.0,0.043633231299858244,5.0
131,2.938764708227469,0.08301560734203886,13.8,0.0256665192187901,-6.0,0.043633231299858244,5.0
132,4.31720861274816,0.14853203344842653,13.200000000000001,0.03771406905618137,-6.0,0.043633231299858244,5.0
133,5.634869511874063,0.22707982090750284,12.600000000000001,0.049237812378903456,-6.0,0.043633231299858244,5.0
134,6.891689219472582,0.3165461419002429,12.000000000000002,0.06023774918695636,-6.0,0.043633231299858244,5.0
135,8.087650712439542,0.4149133485305013,11.400000000000002,0.07071387948034008,-6.0,0.043633231299858244,5.0
136,9.222772820372485,0.5202594451922706,10.800000000000002,0.0806662032590546,-6.0,0.043633231299858244,5.0
137,10.297105161347964,0.6307584095953234,10.200000000000003,0.09009472052309994,-6.0,0.043633231299858244,5.0
138,11.310723326350697,0.7446803810340845,9.600000000000003,0.0989994312724761,-6.0,0.043633231299858244,5.0
139,12.263724314224374,0.860391733596378,9.000000000000004,0.10738033550718307,-6.0,0.043633231299858244,5.0
140,13.156222218419193,0.9763550511060817,8.400000000000004,0.11523743322722085,-6.0,0.043633231299858244,5.0
141,13.988344166295656,1.0911290196803258,7.800000000000004,0.12257072443258946,-6.0,0.043633231299858244,5.0
142,14.760226511303657,1.2033682528608438,7.200000000000005,0.12938020912328888,-6.0,0.043633231299858244,5.0
143,15.472011277986027,1.311823063353164,6.600000000000005,0.1356658872993191,-6.0,0.043633231299858244,5.0
144,16.123842859452264,1.4153391944788372,6.000000000000005,0.14142775896068016,-6.0,0.043633231299858244,5.0
145,16.715864966726688,1.5128575235167707,5.400000000000006,0.14666582410737203,-6.0,0.043633231299858244,5.0
146,17.248217829191482,1.6034137481815642,4.800000000000006,0.1513800827393947,-6.0,0.043633231299858244,5.0
147,17.721035645214418,1.686138066560766,4.200000000000006,0.1555705348567482,-6.0,0.043633231299858244,5.0
148,18.134444281969394,1.760254859910137,3.6000000000000063,0.15923718045943253,-6.0,0.043633231299858244,5.0
149,18.48855922342066,1.8250823867869739,3.000000000000006,0.16238001954744766,-6.0,0.043633231299858244,5.0
150,18.78348376544446,1.8800324960867052,2.400000000000006,0.1649990521207936,-6.0,0.043633231299858244,5.0
151,19.019307457100556,1.9246103656375242,1.800000000000006,0.16709427817947034,-6.0,0.043633231299858244,5.0
152,19.196104787136285,1.9584142721016822,1.200000000000006,0.1686656977234779,-6.0,0.043633231299858244,5.0
153,19.31393411490314,1.981135397030066,0.6000000000000059,0.16971331075281626,-6.0,0.043633231299858244,5.0
154,19.372836844986274,1.9925576730184031,5.773159728050814e-15,0.17023711726748544,-6.0,0.043633231299858244,5.0
155,19.372836844986274,1.9925576730184031,0.0,0.17023711726748544,-6.0,0.043633231299858244,5.0
156,1.4985668815269824,0.06555380683450367,14.4,0.026221522733801468,-6.0,0.08726646259971646,6.0
157,2.935046565245756,0.16618242236315406,13.8,0.05139418455825087,-6.0,0.08726646259971646,6.0
158,4.308809504990055,0.29723731691158783,13.200000000000001,0.07551798547334823,-6.0,0.08726646259971646,6.0
159,5.6194374931045346,0.4542541210154608,12.600000000000001,0.09859292547909353,-6.0,0.08726646259971646,6.0
160,6.866700275259318,0.6329593314921242,12.000000000000002,0.12061900457548677,-6.0,0.08726646259971646,6.0
161,8.050533021856594,0.8292754746998287,11.400000000000002,0.14159622276252795,-6.0,0.08726646259971646,6.0
162,9.171014723269854,1.0393248898336145,10.800000000000002,0.16152458004021708,-6.0,0.08726646259971646,6.0
163,10.22834756230857,1.2594322897326788,10.200000000000003,0.18040407640855413,-6.0,0.08726646259971646,6.0
164,11.222837304904031,1.4861262505530242,9.600000000000003,0.19823471186753913,-6.0,0.08726646259971646,6.0
165,12.154874739022937,1.7161397749402831,9.000000000000004,0.21501648641717208,-6.0,0.08726646259971646,6.0
166,13.024918182182246,1.9464100661536652,8.400000000000004,0.23074940005745298,-6.0,0.08726646259971646,6.0
167,13.833477069601924,2.1740776430605484,7.800000000000004,0.2454334527883818,-6.0,0.08726646259971646,6.0
168,14.581096627926533,2.396484918145064,7.200000000000005,0.2590686446099586,-6.0,0.08726646259971646,6.0
169,15.268343633502097,2.6111743527416946,6.600000000000005,0.2716549755221833,-6.0,0.08726646259971646,6.0
170,15.895793249338837,2.8158862956916044,6.000000000000005,0.28319244552505596,-6.0,0.08726646259971646,6.0
171,16.4640169310481,3.0085566035876896,5.400000000000006,0.2936810546185766,-6.0,0.08726646259971646,6.0
172,16.97357138913758,3.187314132774962,4.800000000000006,0.3031208028027451,-6.0,0.08726646259971646,6.0
173,17.424988593006336,3.350478185345717,4.200000000000006,0.3115116900775616,-6.0,0.08726646259971646,6.0
174,17.81876680072434,3.496555983543792,3.6000000000000063,0.318853716443026,-6.0,0.08726646259971646,6.0
175,18.155362598135117,3.6242402392897715,3.000000000000006,0.3251468818991384,-6.0,0.08726646259971646,6.0
176,18.435183930910654,3.732406877971584,2.400000000000006,0.33039118644589865,-6.0,0.08726646259971646,6.0
177,18.65858411384201,3.8201129682175705,1.800000000000006,0.3345866300833069,-6.0,0.08726646259971646,6.0
178,18.825856802795993,3.8865949020801205,1.200000000000006,0.3377332128113631,-6.0,0.08726646259971646,6.0
179,18.937231916338014,3.931266862900103,0.6000000000000059,0.3398309346300672,-6.0,0.08726646259971646,6.0
180,18.992872495945196,3.953719611083271,5.773159728050814e-15,0.3408797955394193,-6.0,0.08726646259971646,6.0
181,18.992872495945196,3.953719611083271,0.0,0.3408797955394193,-6.0,0.08726646259971646,6.0
182,1.496760702073578,0.0985261423593253,14.4,0.039410456943730125,-6.0,0.1308996938995747,7.0
183,2.9288085659094376,0.2496516388288195,13.8,0.07724449560971104,-6.0,0.1308996938995747,7.0
184,4.294727520429721,0.4462868586705777,13.200000000000001,0.11350211599794274,-6.0,0.1308996938995747,7.0
185,5.593581943913141,0.6816104371695288,12.600000000000001,0.14818331810842525,-6.0,0.1308996938995747,7.0
186,6.824863213812363,0.9490920896157482,12.000000000000002,0.18128810194115855,-6.0,0.1308996938995747,7.0
187,7.988437813352236,1.2425101383203665,11.400000000000002,0.21281646749614264,-6.0,0.1308996938995747,7.0
188,9.084497339775874,1.5559643048838216,10.800000000000002,0.24276841477337752,-6.0,0.1308996938995747,7.0
189,10.113510687781316,1.8838843098036646,10.200000000000003,0.2711439437728632,-6.0,0.1308996938995747,7.0
190,11.076178617638584,2.221034805612765,9.600000000000003,0.2979430544945997,-6.0,0.1308996938995747,7.0
191,11.973390860644388,2.5625171492273298,9.000000000000004,0.32316574693858696,-6.0,0.1308996938995747,7.0
192,12.806185864800064,2.9037684950903873,8.400000000000004,0.34681202110482506,-6.0,0.1308996938995747,7.0
193,13.575713240641369,3.2405586639356136,7.800000000000004,0.36888187699331393,-6.0,0.1308996938995747,7.0
194,14.283198930692844,3.5689852133684936,7.200000000000005,0.3893753146040536,-6.0,0.1308996938995747,7.0
195,14.929913095700769,3.8854671066548305,6.600000000000005,0.40829233393704406,-6.0,0.1308996938995747,7.0
196,15.517140686217806,4.186737345702029,6.000000000000005,0.42563293499228533,-6.0,0.1308996938995747,7.0
197,16.04615464884745,4.469834903697298,5.400000000000006,0.4413971177697774,-6.0,0.1308996938995747,7.0
198,16.518191702073096,4.732096262616308,4.800000000000006,0.45558488226952026,-6.0,0.1308996938995747,7.0
199,16.934430606657926,4.971146831136908,4.200000000000006,0.46819622849151393,-6.0,0.1308996938995747,7.0
200,17.295972849673703,5.184892489607719,3.6000000000000063,0.47923115643575837,-6.0,0.1308996938995747,7.0
201,17.603825658874978,5.3715114807819395,3.000000000000006,0.4886896661022536,-6.0,0.1308996938995747,7.0
202,17.85888726496728,5.529446838120367,2.400000000000006,0.49657175749099963,-6.0,0.1308996938995747,7.0
203,18.061934332927684,5.657399517626046,1.800000000000006,0.5028774306019965,-6.0,0.1308996938995747,7.0
204,18.213611489543105,5.754322374378527,1.200000000000006,0.5076066854352441,-6.0,0.1308996938995747,7.0
205,18.314422882372515,5.819415101128866,0.6000000000000059,0.5107595219907426,-6.0,0.1308996938995747,7.0
206,18.364725715067387,5.852120223401561,5.773159728050814e-15,0.5123359402684918,-6.0,0.1308996938995747,7.0
207,18.364725715067387,5.852120223401561,0.0,0.5123359402684918,-6.0,0.1308996938995747,7.0
208,1.4942041648310165,0.13173425447333334,14.4,0.05269370178933334,-6.0,0.17453292519943295,8.0
209,2.9199883580578856,0.33357437522341055,13.8,0.10327965550709334,-6.0,0.17453292519943295,8.0
210,4.274836338174486,0.5958470401619582,13.200000000000001,0.15175786115328002,-6.0,0.17453292519943295,8.0
211,5.557098422439243,0.9092221305201464,12.600000000000001,0.19812831872789335,-6.0,0.17453292519943295,8.0
212,6.765894332064779,1.2647674143766112,12.000000000000002,0.24239102823093336,-6.0,0.17453292519943295,8.0
213,7.901017869860153,1.6539904274975128,11.400000000000002,0.2845459896624,-6.0,0.17453292519943295,8.0
214,8.962844540344934,2.0688688697516344,10.800000000000002,0.32459320302229333,-6.0,0.17453292519943295,8.0
215,9.952242991398053,2.501870838631325,10.200000000000003,0.36253266831061337,-6.0,0.17453292519943295,8.0
216,10.870490948204335,2.9459661998107567,9.600000000000003,0.39836438552736003,-6.0,0.17453292519943295,8.0
217,11.719196125214406,3.3946303531775097,9.000000000000004,0.43208835467253337,-6.0,0.17453292519943295,8.0
218,12.500222440010123,3.841841595876774,8.400000000000004,0.4637045757461334,-6.0,0.17453292519943295,8.0
219,13.215621713836908,4.282073215604513,7.800000000000004,0.4932130487481601,-6.0,0.17453292519943295,8.0
220,13.867570926207383,4.710281371166172,7.200000000000005,0.5206137736786134,-6.0,0.17453292519943295,8.0
221,14.458314994190006,5.121889736172695,6.600000000000005,0.5459067505374934,-6.0,0.17453292519943295,8.0
222,14.990114969362986,5.512771798188873,6.000000000000005,0.5690919793248,-6.0,0.17453292519943295,8.0
223,15.465201485401595,5.879231621741603,5.400000000000006,0.5901694600405334,-6.0,0.17453292519943295,8.0
224,15.885733245274304,6.217983800979409,4.800000000000006,0.6091391926846934,-6.0,0.17453292519943295,8.0
225,16.25376030743292,6.526133247707613,4.200000000000006,0.6260011772572801,-6.0,0.17453292519943295,8.0
226,16.571191913600885,6.801155383917821,3.6000000000000063,0.6407554137582935,-6.0,0.17453292519943295,8.0
227,16.839768595252472,7.040877235389523,3.000000000000006,0.6534019021877335,-6.0,0.17453292519943295,8.0
228,17.06103830016859,7.243459854797838,2.400000000000006,0.6639406425456003,-6.0,0.17453292519943295,8.0
229,17.236336293174542,7.407382439111549,1.800000000000006,0.6723716348318937,-6.0,0.17453292519943295,8.0
230,17.36676860502812,7.5314284468043855,1.200000000000006,0.6786948790466136,-6.0,0.17453292519943295,8.0
231,17.45319882924409,7.614673965254192,0.6000000000000059,0.6829103751897603,-6.0,0.17453292519943295,8.0
232,17.49623809731625,7.656478527251811,5.773159728050814e-15,0.6850181232613336,-6.0,0.17453292519943295,8.0
233,17.49623809731625,7.656478527251811,0.0,0.6850181232613336,-6.0,0.17453292519943295,8.0
234,1.4942041648310165,-0.13173425447333334,14.9,-0.05269370178933334,-1.0,-0.17453292519943295,9.0
235,2.9694947536560408,-0.3405827127494549,14.8,-0.10503611223340445,-1.0,-0.17453292519943295,9.0
236,4.42202382998425,-0.6244123842447403,14.700000000000001,-0.15702723133221336,-1.0,-0.17453292519943295,9.0
237,5.848138762670095,-0.9809179224491941,14.600000000000001,-0.20866705908576003,-1.0,-0.17453292519943295,9.0
238,7.244387576100442,-1.4076370935610012,14.500000000000002,-0.25995559549404446,-1.0,-0.17453292519943295,9.0
239,8.607523222706758,-1.9019661428299854,14.400000000000002,-0.3108928405570667,-1.0,-0.17453292519943295,9.0
240,9.934506817155674,-2.461174994747976,14.300000000000002,-0.36147879427482665,-1.0,-0.17453292519943295,9.0
241,11.222509874342439,-3.082422227882699,14.200000000000003,-0.41171345664732445,-1.0,-0.17453292519943295,9.0
242,12.468915595676389,-3.762769769824314,14.100000000000003,-0.46159682767456,-1.0,-0.17453292519943295,9.0
243,13.671319250120158,-4.499197262372136,14.000000000000004,-0.5111289073565334,-1.0,-0.17453292519943295,9.0
244,14.827527698041255,-5.2886160517076135,13.900000000000004,-0.5603096956932445,-1.0,-0.17453292519943295,9.0
245,15.93555810717291,-6.127882762854633,13.800000000000004,-0.6091391926846934,-1.0,-0.17453292519943295,9.0
246,16.993635910878933,-7.013812422198219,13.700000000000005,-0.6576173983308801,-1.0,-0.17453292519943295,9.0
247,18.000192059493557,-7.943191096198272,13.600000000000005,-0.7057443126318045,-1.0,-0.17453292519943295,9.0
248,18.953859615781365,-8.912788018678972,13.500000000000005,-0.7535199355874668,-1.0,-0.17453292519943295,9.0
249,19.853469745553998,-9.91936718318143,13.400000000000006,-0.8009442671978668,-1.0,-0.17453292519943295,9.0
250,20.69804715420965,-10.959698380824038,13.300000000000006,-0.8480173074630046,-1.0,-0.17453292519943295,9.0
251,21.486805019448266,-12.030567667910107,13.200000000000006,-0.8947390563828802,-1.0,-0.17453292519943295,9.0
252,22.219139469679945,-13.128787251146475,13.100000000000007,-0.9411095139574935,-1.0,-0.17453292519943295,9.0
253,22.894623656706244,-14.251204781781766,13.000000000000007,-0.9871286801868446,-1.0,-0.17453292519943295,9.0
254,23.513001470133098,-15.394712053232816,12.900000000000007,-1.0327965550709335,-1.0,-0.17453292519943295,9.0
255,24.07418093968958,-16.556253099837846,12.800000000000008,-1.0781131386097602,-1.0,-0.17453292519943295,9.0
256,24.578227370196743,-17.73283169725197,12.700000000000008,-1.1230784308033246,-1.0,-0.17453292519943295,9.0
257,25.02535625237399,-18.921518267682934,12.600000000000009,-1.1676924316516268,-1.0,-0.17453292519943295,9.0
258,25.415925991003878,-20.119456195651903,12.500000000000009,-1.211955141154667,-1.0,-0.17453292519943295,9.0
259,25.75043049021693,-21.32386756225645,12.40000000000001,-1.2558665593124447,-1.0,-0.17453292519943295,9.0
260,26.02949163382189,-22.532058308012225,12.30000000000001,-1.2994266861249604,-1.0,-0.17453292519943295,9.0
261,26.253851696709198,-23.74142283625886,12.20000000000001,-1.3426355215922137,-1.0,-0.17453292519943295,9.0
262,26.42436572141073,-24.94944807083804,12.10000000000001,-1.3854930657142048,-1.0,-0.17453292519943295,9.0
263,1.496760702073578,-0.0985261423593253,14.9,-0.039410456943730125,-1.0,-0.1308996938995747,10.0
264,2.9785324500704053,-0.25489905190067697,14.8,-0.07855817750783538,-1.0,-0.1308996938995747,10.0
265,4.443152740335391,-0.46770742895409545,14.700000000000001,-0.11744316169231576,-1.0,-0.1308996938995747,10.0
266,5.888560217333893,-0.7354708047858611,14.600000000000001,-0.1560654094971713,-1.0,-0.1308996938995747,10.0
267,7.312795696931998,-1.0566456771746522,14.500000000000002,-0.19442492092240193,-1.0,-0.1308996938995747,10.0
268,8.714002870109965,-1.4296315453179549,14.400000000000002,-0.23252169596800773,-1.0,-0.1308996938995747,10.0
269,10.090428700783795,-1.8527768308332955,14.300000000000002,-0.27035573463398865,-1.0,-0.1308996938995747,10.0
270,11.44042353169069,-2.3243846727153636,14.200000000000003,-0.30792703692034473,-1.0,-0.1308996938995747,10.0
271,12.762440912507621,-2.8427185851867955,14.100000000000003,-0.34523560282707594,-1.0,-0.1308996938995747,10.0
272,14.055037164521652,-3.406007968434236,14.000000000000004,-0.38228143235418227,-1.0,-0.1308996938995747,10.0
273,15.31687069625956,-4.012453463249589,13.900000000000004,-0.41906452550166373,-1.0,-0.1308996938995747,10.0
274,16.546701084515988,-4.660232141596638,13.800000000000004,-0.4555848822695203,-1.0,-0.1308996938995747,10.0
275,17.743387935197372,-5.347502526093361,13.700000000000005,-0.49184250265775203,-1.0,-0.1308996938995747,10.0
276,18.905889538326768,-6.072409432338285,13.600000000000005,-0.5278373866663589,-1.0,-0.1308996938995747,10.0
277,20.033261331435618,-6.833088628913647,13.500000000000005,-0.563569534295341,-1.0,-0.1308996938995747,10.0
278,21.12465418540619,-7.627671310767445,13.400000000000006,-0.599038945544698,-1.0,-0.1308996938995747,10.0
279,22.179312526625985,-8.454288382509558,13.300000000000006,-0.6342456204144303,-1.0,-0.1308996938995747,10.0
280,23.1965723090763,-9.311074548953172,13.200000000000006,-0.6691895589045377,-1.0,-0.1308996938995747,10.0
281,24.175858849704404,-10.196172210990891,13.100000000000007,-0.7038707610150202,-1.0,-0.1308996938995747,10.0
282,25.116684540125984,-11.10773516561485,13.000000000000007,-0.7382892267458778,-1.0,-0.1308996938995747,10.0
283,26.018646447373992,-12.043932109571374,12.900000000000007,-0.7724449560971106,-1.0,-0.1308996938995747,10.0
284,26.881423816055747,-13.002949946783273,12.800000000000008,-0.8063379490687186,-1.0,-0.1308996938995747,10.0
285,27.704775483903894,-13.982996900276664,12.700000000000008,-0.8399682056607016,-1.0,-0.1308996938995747,10.0
286,28.488537222312335,-14.982305429914524,12.600000000000009,-0.8733357258730599,-1.0,-0.1308996938995747,10.0
287,29.23261901303748,-15.9991349577663,12.500000000000009,-0.9064405097057932,-1.0,-0.1308996938995747,10.0
288,29.93700227182108,-17.031774403432305,12.40000000000001,-0.9392825571589016,-1.0,-0.1308996938995747,10.0
289,30.601737029255727,-18.078544532093943,12.30000000000001,-0.9718618682323852,-1.0,-0.1308996938995747,10.0
290,31.226939078770204,-19.137800118476616,12.20000000000001,-1.004178442926244,-1.0,-0.1308996938995747,10.0
291,31.812787101161422,-20.207931930292478,12.10000000000001,-1.0362322812404778,-1.0,-0.1308996938995747,10.0
292,1.4985668815269824,-0.06555380683450368,14.9,-0.026221522733801475,-1.0,-0.08726646259971647,11.0
293,2.9849243320415466,-0.16967647151345444,14.8,-0.05226823531604427,-1.0,-0.08726646259971647,11.0
294,4.458111898879372,-0.31151579227623516,14.700000000000001,-0.07814013774672839,-1.0,-0.08726646259971647,11.0
295,5.917211359868328,-0.49020200590711327,14.600000000000001,-0.10383723002585384,-1.0,-0.08726646259971647,11.0
296,7.361346548399515,-0.7048495245184201,14.500000000000002,-0.12935951215342062,-1.0,-0.08726646259971647,11.0
297,8.78968312025414,-0.9545586302846732,14.400000000000002,-0.1547069841294287,-1.0,-0.08726646259971647,11.0
298,10.201428265064424,-1.2384171269068291,14.300000000000002,-0.17987964595387812,-1.0,-0.08726646259971647,11.0
299,11.595830365263435,-1.555501946727307,14.200000000000003,-0.20487749762676888,-1.0,-0.08726646259971647,11.0
300,12.97217860535021,-1.9048807125532208,14.100000000000003,-0.22970053914810096,-1.0,-0.08726646259971647,11.0
301,14.32980253426338,-2.285613253377318,14.000000000000004,-0.25434877051787436,-1.0,-0.08726646259971647,11.0
302,15.668071583618906,-2.696753073313378,13.900000000000004,-0.2788221917360891,-1.0,-0.08726646259971647,11.0
303,16.98639454452584,-3.137348773185242,13.800000000000004,-0.3031208028027451,-1.0,-0.08726646259971647,11.0
304,18.28421900564852,-3.6064454243261617,13.700000000000005,-0.3272446037178425,-1.0,-0.08726646259971647,11.0
305,19.561030755134748,-4.103085894257802,13.600000000000005,-0.35119359448138115,-1.0,-0.08726646259971647,11.0
306,20.816353148977313,-4.626312124025937,13.500000000000005,-0.37496777509336116,-1.0,-0.08726646259971647,11.0
307,22.049746448321294,-5.175166357072718,13.400000000000006,-0.3985671455537825,-1.0,-0.08726646259971647,11.0
308,23.26080712817197,-5.7486923196233475,13.300000000000006,-0.4219917058626451,-1.0,-0.08726646259971647,11.0
309,24.44916715989822,-6.345936352658076,13.200000000000006,-0.4452414560199491,-1.0,-0.08726646259971647,11.0
310,25.614493269864393,-6.9659484956287665,13.100000000000007,-0.4683163960256944,-1.0,-0.08726646259971647,11.0
311,26.756486176459727,-7.607783522162798,13.000000000000007,-0.49121652587988107,-1.0,-0.08726646259971647,11.0
312,27.874879807729123,-8.27050192807594,12.900000000000007,-0.513941845582509,-1.0,-0.08726646259971647,11.0
313,28.969440501742312,-8.953170872090071,12.800000000000008,-0.5364923551335783,-1.0,-0.08726646259971647,11.0
314,30.03996619177068,-9.654865069721268,12.700000000000008,-0.5588680545330889,-1.0,-0.08726646259971647,11.0
315,31.086285578272253,-10.374667640869061,12.600000000000009,-0.5810689437810408,-1.0,-0.08726646259971647,11.0
316,32.10825728961597,-11.111670911698436,12.500000000000009,-0.603095022877434,-1.0,-0.08726646259971647,11.0
317,33.10576903340642,-11.864977171462778,12.40000000000001,-0.6249462918222686,-1.0,-0.08726646259971647,11.0
318,34.078736740199986,-12.633699384968322,12.30000000000001,-0.6466227506155444,-1.0,-0.08726646259971647,11.0
319,35.027103701333026,-13.41696186142898,12.20000000000001,-0.6681243992572616,-1.0,-0.08726646259971647,11.0
320,35.9508397025122,-14.21390088050479,12.10000000000001,-0.6894512377474202,-1.0,-0.08726646259971647,11.0
321,1.4996427005904893,-0.032737907166824114,14.9,-0.013095162866729643,-1.0,-0.043633231299858244,12.0
322,2.988734222381531,-0.08476136082034494,14.8,-0.026103024647681092,-1.0,-0.043633231299858244,12.0
323,4.4670345549083414,-0.1556706468914995,14.700000000000001,-0.03902358534285434,-1.0,-0.043633231299858244,12.0
324,5.934313840782298,-0.24506582151078554,14.600000000000001,-0.05185684495224939,-1.0,-0.043633231299858244,12.0
325,7.390352237603753,-0.3525469220894948,14.500000000000002,-0.06460280347586625,-1.0,-0.043633231299858244,12.0
326,8.834939777178011,-0.47771417222623025,14.400000000000002,-0.07726146091370491,-1.0,-0.043633231299858244,12.0
327,10.267876222221107,-0.6201681804789138,14.300000000000002,-0.08983281726576536,-1.0,-0.043633231299858244,12.0
328,11.688970920737706,-0.779510133046394,14.200000000000003,-0.10231687253204763,-1.0,-0.043633231299858244,12.0
329,13.098042658249174,-0.9553419804074852,14.100000000000003,-0.1147136267125517,-1.0,-0.043633231299858244,12.0
330,14.494919508045518,-1.1472666179688062,14.000000000000004,-0.12702307980727756,-1.0,-0.043633231299858244,12.0
331,15.879438679630583,-1.3548880607761595,13.900000000000004,-0.13924523181622522,-1.0,-0.043633231299858244,12.0
332,17.251446365525556,-1.5778116123473755,13.800000000000004,-0.15138008273939468,-1.0,-0.043633231299858244,12.0
333,18.61079758659149,-1.81564402768758,13.700000000000005,-0.16342763257678597,-1.0,-0.043633231299858244,12.0
334,19.95735603602726,-2.0679936705506914,13.600000000000005,-0.17538788132839905,-1.0,-0.043633231299858244,12.0
335,21.29099392219501,-2.3344706650136553,13.500000000000005,-0.18726082899423394,-1.0,-0.043633231299858244,12.0
336,22.611591810420915,-2.6146870414324623,13.400000000000006,-0.19904647557429062,-1.0,-0.043633231299858244,12.0
337,23.919038463914706,-2.9082568768513712,13.300000000000006,-0.2107448210685691,-1.0,-0.043633231299858244,12.0
338,25.21323068394728,-3.2147964299389953,13.200000000000006,-0.22235586547706937,-1.0,-0.043633231299858244,12.0
339,26.494073149421332,-3.5339242705269873,13.100000000000007,-0.23387960879979147,-1.0,-0.043633231299858244,12.0
340,27.761478255965883,-3.8652614038290047,13.000000000000007,-0.24531605103673537,-1.0,-0.043633231299858244,12.0
341,29.01536595468131,-4.208431389419424,12.900000000000007,-0.25666519218790107,-1.0,-0.043633231299858244,12.0
342,30.25566359065741,-4.5630604550529394,12.800000000000008,-0.26792703225328857,-1.0,-0.043633231299858244,12.0
343,31.48230574138287,-4.928777605407716,12.700000000000008,-0.27910157123289786,-1.0,-0.043633231299858244,12.0
344,32.69523405516055,-5.305214725836148,12.600000000000009,-0.29018880912672895,-1.0,-0.043633231299858244,12.0
345,33.894397089638844,-5.692006681208561,12.500000000000009,-0.30118874593478184,-1.0,-0.043633231299858244,12.0
346,35.079750150565594,-6.088791409936342,12.40000000000001,-0.31210138165705653,-1.0,-0.043633231299858244,12.0
347,36.25125513086692,-6.495210013262009,12.30000000000001,-0.3229267162935531,-1.0,-0.043633231299858244,12.0
348,37.40888035014959,-6.910906839904654,12.20000000000001,-0.3336647498442714,-1.0,-0.043633231299858244,12.0
349,38.55260039472168,-7.335529566149991,12.10000000000001,-0.34431548230921155,-1.0,-0.043633231299858244,12.0
350,1.5,0.0,14.9,0.0,-1.0,0.0,13.0
351,2.99,0.0,14.8,0.0,-1.0,0.0,13.0
352,4.470000000000001,0.0,14.700000000000001,0.0,-1.0,0.0,13.0
353,5.940000000000001,0.0,14.600000000000001,0.0,-1.0,0.0,13.0
354,7.400000000000001,0.0,14.500000000000002,0.0,-1.0,0.0,13.0
355,8.850000000000001,0.0,14.400000000000002,0.0,-1.0,0.0,13.0
356,10.290000000000003,0.0,14.300000000000002,0.0,-1.0,0.0,13.0
357,11.720000000000002,0.0,14.200000000000003,0.0,-1.0,0.0,13.0
358,13.140000000000002,0.0,14.100000000000003,0.0,-1.0,0.0,13.0
359,14.550000000000002,0.0,14.000000000000004,0.0,-1.0,0.0,13.0
360,15.950000000000003,0.0,13.900000000000004,0.0,-1.0,0.0,13.0
361,17.340000000000003,0.0,13.800000000000004,0.0,-1.0,0.0,13.0
362,18.720000000000002,0.0,13.700000000000005,0.0,-1.0,0.0,13.0
363,20.090000000000003,0.0,13.600000000000005,0.0,-1.0,0.0,13.0
364,21.450000000000003,0.0,13.500000000000005,0.0,-1.0,0.0,13.0
365,22.800000000000004,0.0,13.400000000000006,0.0,-1.0,0.0,13.0
366,24.140000000000004,0.0,13.300000000000006,0.0,-1.0,0.0,13.0
367,25.470000000000006,0.0,13.200000000000006,0.0,-1.0,0.0,13.0
368,26.790000000000006,0.0,13.100000000000007,0.0,-1.0,0.0,13.0
369,28.10000000000001,0.0,13.000000000000007,0.0,-1.0,0.0,13.0
370,29.40000000000001,0.0,12.900000000000007,0.0,-1.0,0.0,13.0
371,30.690000000000012,0.0,12.800000000000008,0.0,-1.0,0.0,13.0
372,31.970000000000013,0.0,12.700000000000008,0.0,-1.0,0.0,13.0
373,33.240000000000016,0.0,12.600000000000009,0.0,-1.0,0.0,13.0
374,34.500000000000014,0.0,12.500000000000009,0.0,-1.0,0.0,13.0
375,35.750000000000014,0.0,12.40000000000001,0.0,-1.0,0.0,13.0
376,36.990000000000016,0.0,12.30000000000001,0.0,-1.0,0.0,13.0
377,38.22000000000002,0.0,12.20000000000001,0.0,-1.0,0.0,13.0
378,39.44000000000002,0.0,12.10000000000001,0.0,-1.0,0.0,13.0
379,1.4996427005904893,0.032737907166824114,14.9,0.013095162866729643,-1.0,0.043633231299858244,14.0
380,2.988734222381531,0.08476136082034494,14.8,0.026103024647681092,-1.0,0.043633231299858244,14.0
381,4.4670345549083414,0.1556706468914995,14.700000000000001,0.03902358534285434,-1.0,0.043633231299858244,14.0
382,5.934313840782298,0.24506582151078554,14.600000000000001,0.05185684495224939,-1.0,0.043633231299858244,14.0
383,7.390352237603753,0.3525469220894948,14.500000000000002,0.06460280347586625,-1.0,0.043633231299858244,14.0
384,8.834939777178011,0.47771417222623025,14.400000000000002,0.07726146091370491,-1.0,0.043633231299858244,14.0
385,10.267876222221107,0.6201681804789138,14.300000000000002,0.08983281726576536,-1.0,0.043633231299858244,14.0
386,11.688970920737706,0.779510133046394,14.200000000000003,0.10231687253204763,-1.0,0.043633231299858244,14.0
387,13.098042658249174,0.9553419804074852,14.100000000000003,0.1147136267125517,-1.0,0.043633231299858244,14.0
388,14.494919508045518,1.1472666179688062,14.000000000000004,0.12702307980727756,-1.0,0.043633231299858244,14.0
389,15.879438679630583,1.3548880607761595,13.900000000000004,0.13924523181622522,-1.0,0.043633231299858244,14.0
390,17.251446365525556,1.5778116123473755,13.800000000000004,0.15138008273939468,-1.0,0.043633231299858244,14.0
391,18.61079758659149,1.81564402768758,13.700000000000005,0.16342763257678597,-1.0,0.043633231299858244,14.0
392,19.95735603602726,2.0679936705506914,13.600000000000005,0.17538788132839905,-1.0,0.043633231299858244,14.0
393,21.29099392219501,2.3344706650136553,13.500000000000005,0.18726082899423394,-1.0,0.043633231299858244,14.0
394,22.611591810420915,2.6146870414324623,13.400000000000006,0.19904647557429062,-1.0,0.043633231299858244,14.0
395,23.919038463914706,2.9082568768513712,13.300000000000006,0.2107448210685691,-1.0,0.043633231299858244,14.0
396,25.21323068394728,3.2147964299389953,13.200000000000006,0.22235586547706937,-1.0,0.043633231299858244,14.0
397,26.494073149421332,3.5339242705269873,13.100000000000007,0.23387960879979147,-1.0,0.043633231299858244,14.0
398,27.761478255965883,3.8652614038290047,13.000000000000007,0.24531605103673537,-1.0,0.043633231299858244,14.0
399,29.01536595468131,4.208431389419424,12.900000000000007,0.25666519218790107,-1.0,0.043633231299858244,14.0
400,30.25566359065741,4.5630604550529394,12.800000000000008,0.26792703225328857,-1.0,0.043633231299858244,14.0
401,31.48230574138287,4.928777605407716,12.700000000000008,0.27910157123289786,-1.0,0.043633231299858244,14.0
402,32.69523405516055,5.305214725836148,12.600000000000009,0.29018880912672895,-1.0,0.043633231299858244,14.0
403,33.894397089638844,5.692006681208561,12.500000000000009,0.30118874593478184,-1.0,0.043633231299858244,14.0
404,35.079750150565594,6.088791409936342,12.40000000000001,0.31210138165705653,-1.0,0.043633231299858244,14.0
405,36.25125513086692,6.495210013262009,12.30000000000001,0.3229267162935531,-1.0,0.043633231299858244,14.0
406,37.40888035014959,6.910906839904654,12.20000000000001,0.3336647498442714,-1.0,0.043633231299858244,14.0
407,38.55260039472168,7.335529566149991,12.10000000000001,0.34431548230921155,-1.0,0.043633231299858244,14.0
408,1.4985668815269824,0.06555380683450367,14.9,0.026221522733801468,-1.0,0.08726646259971646,15.0
409,2.9849243320415466,0.16967647151345444,14.8,0.052268235316044256,-1.0,0.08726646259971646,15.0
410,4.458111898879372,0.31151579227623516,14.700000000000001,0.07814013774672837,-1.0,0.08726646259971646,15.0
411,5.917211359868328,0.4902020059071132,14.600000000000001,0.10383723002585381,-1.0,0.08726646259971646,15.0
412,7.361346548399515,0.70484952451842,14.500000000000002,0.12935951215342056,-1.0,0.08726646259971646,15.0
413,8.78968312025414,0.954558630284673,14.400000000000002,0.15470698412942865,-1.0,0.08726646259971646,15.0
414,10.201428265064424,1.2384171269068287,14.300000000000002,0.17987964595387806,-1.0,0.08726646259971646,15.0
415,11.595830365263435,1.5555019467273064,14.200000000000003,0.2048774976267688,-1.0,0.08726646259971646,15.0
416,12.97217860535021,1.9048807125532201,14.100000000000003,0.22970053914810085,-1.0,0.08726646259971646,15.0
417,14.32980253426338,2.285613253377317,14.000000000000004,0.25434877051787425,-1.0,0.08726646259971646,15.0
418,15.668071583618906,2.696753073313377,13.900000000000004,0.27882219173608896,-1.0,0.08726646259971646,15.0
419,16.98639454452584,3.1373487731852405,13.800000000000004,0.303120802802745,-1.0,0.08726646259971646,15.0
420,18.28421900564852,3.60644542432616,13.700000000000005,0.32724460371784236,-1.0,0.08726646259971646,15.0
421,19.561030755134748,4.1030858942578,13.600000000000005,0.35119359448138104,-1.0,0.08726646259971646,15.0
422,20.816353148977313,4.626312124025935,13.500000000000005,0.37496777509336104,-1.0,0.08726646259971646,15.0
423,22.049746448321294,5.175166357072716,13.400000000000006,0.39856714555378236,-1.0,0.08726646259971646,15.0
424,23.26080712817197,5.748692319623346,13.300000000000006,0.421991705862645,-1.0,0.08726646259971646,15.0
425,24.44916715989822,6.345936352658074,13.200000000000006,0.44524145601994897,-1.0,0.08726646259971646,15.0
426,25.614493269864393,6.965948495628765,13.100000000000007,0.46831639602569425,-1.0,0.08726646259971646,15.0
427,26.756486176459727,7.607783522162796,13.000000000000007,0.49121652587988085,-1.0,0.08726646259971646,15.0
428,27.874879807729123,8.270501928075939,12.900000000000007,0.5139418455825088,-1.0,0.08726646259971646,15.0
429,28.969440501742312,8.95317087209007,12.800000000000008,0.5364923551335781,-1.0,0.08726646259971646,15.0
430,30.03996619177068,9.654865069721266,12.700000000000008,0.5588680545330886,-1.0,0.08726646259971646,15.0
431,31.086285578272253,10.37466764086906,12.600000000000009,0.5810689437810406,-1.0,0.08726646259971646,15.0
432,32.10825728961597,11.111670911698434,12.500000000000009,0.6030950228774338,-1.0,0.08726646259971646,15.0
433,33.10576903340642,11.864977171462776,12.40000000000001,0.6249462918222684,-1.0,0.08726646259971646,15.0
434,34.078736740199986,12.63369938496832,12.30000000000001,0.6466227506155442,-1.0,0.08726646259971646,15.0
435,35.027103701333026,13.416961861428979,12.20000000000001,0.6681243992572614,-1.0,0.08726646259971646,15.0
436,35.9508397025122,14.213900880504788,12.10000000000001,0.68945123774742,-1.0,0.08726646259971646,15.0
437,1.496760702073578,0.0985261423593253,14.9,0.039410456943730125,-1.0,0.1308996938995747,16.0
438,2.9785324500704053,0.25489905190067697,14.8,0.07855817750783538,-1.0,0.1308996938995747,16.0
439,4.443152740335391,0.46770742895409545,14.700000000000001,0.11744316169231576,-1.0,0.1308996938995747,16.0
440,5.888560217333893,0.7354708047858611,14.600000000000001,0.1560654094971713,-1.0,0.1308996938995747,16.0
441,7.312795696931998,1.0566456771746522,14.500000000000002,0.19442492092240193,-1.0,0.1308996938995747,16.0
442,8.714002870109965,1.4296315453179549,14.400000000000002,0.23252169596800773,-1.0,0.1308996938995747,16.0
443,10.090428700783795,1.8527768308332955,14.300000000000002,0.27035573463398865,-1.0,0.1308996938995747,16.0
444,11.44042353169069,2.3243846727153636,14.200000000000003,0.30792703692034473,-1.0,0.1308996938995747,16.0
445,12.762440912507621,2.8427185851867955,14.100000000000003,0.34523560282707594,-1.0,0.1308996938995747,16.0
446,14.055037164521652,3.406007968434236,14.000000000000004,0.38228143235418227,-1.0,0.1308996938995747,16.0
447,15.31687069625956,4.012453463249589,13.900000000000004,0.41906452550166373,-1.0,0.1308996938995747,16.0
448,16.546701084515988,4.660232141596638,13.800000000000004,0.4555848822695203,-1.0,0.1308996938995747,16.0
449,17.743387935197372,5.347502526093361,13.700000000000005,0.49184250265775203,-1.0,0.1308996938995747,16.0
450,18.905889538326768,6.072409432338285,13.600000000000005,0.5278373866663589,-1.0,0.1308996938995747,16.0
451,20.033261331435618,6.833088628913647,13.500000000000005,0.563569534295341,-1.0,0.1308996938995747,16.0
452,21.12465418540619,7.627671310767445,13.400000000000006,0.599038945544698,-1.0,0.1308996938995747,16.0
453,22.179312526625985,8.454288382509558,13.300000000000006,0.6342456204144303,-1.0,0.1308996938995747,16.0
454,23.1965723090763,9.311074548953172,13.200000000000006,0.6691895589045377,-1.0,0.1308996938995747,16.0
455,24.175858849704404,10.196172210990891,13.100000000000007,0.7038707610150202,-1.0,0.1308996938995747,16.0
456,25.116684540125984,11.10773516561485,13.000000000000007,0.7382892267458778,-1.0,0.1308996938995747,16.0
457,26.018646447373992,12.043932109571374,12.900000000000007,0.7724449560971106,-1.0,0.1308996938995747,16.0
458,26.881423816055747,13.002949946783273,12.800000000000008,0.8063379490687186,-1.0,0.1308996938995747,16.0
459,27.704775483903894,13.982996900276664,12.700000000000008,0.8399682056607016,-1.0,0.1308996938995747,16.0
460,28.488537222312335,14.982305429914524,12.600000000000009,0.8733357258730599,-1.0,0.1308996938995747,16.0
461,29.23261901303748,15.9991349577663,12.500000000000009,0.9064405097057932,-1.0,0.1308996938995747,16.0
462,29.93700227182108,17.031774403432305,12.40000000000001,0.9392825571589016,-1.0,0.1308996938995747,16.0
463,30.601737029255727,18.078544532093943,12.30000000000001,0.9718618682323852,-1.0,0.1308996938995747,16.0
464,31.226939078770204,19.137800118476616,12.20000000000001,1.004178442926244,-1.0,0.1308996938995747,16.0
465,31.812787101161422,20.207931930292478,12.10000000000001,1.0362322812404778,-1.0,0.1308996938995747,16.0
466,1.4942041648310165,0.13173425447333334,14.9,0.05269370178933334,-1.0,0.17453292519943295,17.0
467,2.9694947536560408,0.3405827127494549,14.8,0.10503611223340445,-1.0,0.17453292519943295,17.0
468,4.42202382998425,0.6244123842447403,14.700000000000001,0.15702723133221336,-1.0,0.17453292519943295,17.0
469,5.848138762670095,0.9809179224491941,14.600000000000001,0.20866705908576003,-1.0,0.17453292519943295,17.0
470,7.244387576100442,1.4076370935610012,14.500000000000002,0.25995559549404446,-1.0,0.17453292519943295,17.0
471,8.607523222706758,1.9019661428299854,14.400000000000002,0.3108928405570667,-1.0,0.17453292519943295,17.0
472,9.934506817155674,2.461174994747976,14.300000000000002,0.36147879427482665,-1.0,0.17453292519943295,17.0
473,11.222509874342439,3.082422227882699,14.200000000000003,0.41171345664732445,-1.0,0.17453292519943295,17.0
474,12.468915595676389,3.762769769824314,14.100000000000003,0.46159682767456,-1.0,0.17453292519943295,17.0
475,13.671319250120158,4.499197262372136,14.000000000000004,0.5111289073565334,-1.0,0.17453292519943295,17.0
476,14.827527698041255,5.2886160517076135,13.900000000000004,0.5603096956932445,-1.0,0.17453292519943295,17.0
477,15.93555810717291,6.127882762854633,13.800000000000004,0.6091391926846934,-1.0,0.17453292519943295,17.0
478,16.993635910878933,7.013812422198219,13.700000000000005,0.6576173983308801,-1.0,0.17453292519943295,17.0
479,18.000192059493557,7.943191096198272,13.600000000000005,0.7057443126318045,-1.0,0.17453292519943295,17.0
480,18.953859615781365,8.912788018678972,13.500000000000005,0.7535199355874668,-1.0,0.17453292519943295,17.0
481,19.853469745553998,9.91936718318143,13.400000000000006,0.8009442671978668,-1.0,0.17453292519943295,17.0
482,20.69804715420965,10.959698380824038,13.300000000000006,0.8480173074630046,-1.0,0.17453292519943295,17.0
483,21.486805019448266,12.030567667910107,13.200000000000006,0.8947390563828802,-1.0,0.17453292519943295,17.0
484,22.219139469679945,13.128787251146475,13.100000000000007,0.9411095139574935,-1.0,0.17453292519943295,17.0
485,22.894623656706244,14.251204781781766,13.000000000000007,0.9871286801868446,-1.0,0.17453292519943295,17.0
486,23.513001470133098,15.394712053232816,12.900000000000007,1.0327965550709335,-1.0,0.17453292519943295,17.0
487,24.07418093968958,16.556253099837846,12.800000000000008,1.0781131386097602,-1.0,0.17453292519943295,17.0
488,24.578227370196743,17.73283169725197,12.700000000000008,1.1230784308033246,-1.0,0.17453292519943295,17.0
489,25.02535625237399,18.921518267682934,12.600000000000009,1.1676924316516268,-1.0,0.17453292519943295,17.0
490,25.415925991003878,20.119456195651903,12.500000000000009,1.211955141154667,-1.0,0.17453292519943295,17.0
491,25.75043049021693,21.32386756225645,12.40000000000001,1.2558665593124447,-1.0,0.17453292519943295,17.0
492,26.02949163382189,22.532058308012225,12.30000000000001,1.2994266861249604,-1.0,0.17453292519943295,17.0
493,26.253851696709198,23.74142283625886,12.20000000000001,1.3426355215922137,-1.0,0.17453292519943295,17.0
494,26.42436572141073,24.94944807083804,12.10000000000001,1.3854930657142048,-1.0,0.17453292519943295,17.0
495,1.4942041648310165,-0.13173425447333334,15.0,-0.05269370178933334,4.0,-0.17453292519943295,18.0
496,2.979396032775672,-0.34198438025466377,15.0,-0.10538740357866667,4.0,-0.17453292519943295,18.0
497,4.451452735273662,-0.6301667264015826,15.0,-0.15808110536800002,4.0,-0.17453292519943295,18.0
498,5.90628786677113,-0.9954813033907104,15.0,-0.21077480715733335,4.0,-0.17453292519943295,18.0
499,7.339862828516267,-1.436914003875652,15.0,-0.2634685089466667,4.0,-0.17453292519943295,18.0
500,8.748198039644013,-1.9532394178325578,15.0,-0.31616221073600004,4.0,-0.17453292519943295,18.0
501,10.127383984428048,-2.5430242342784943,15.0,-0.3688559125253334,4.0,-0.17453292519943295,18.0
502,11.473592065033111,-3.2046312201195075,15.0,-0.42154961431466675,4.0,-0.17453292519943295,18.0
503,12.783085229640548,-3.936223765083165,15.0,-0.4742433161040001,4.0,-0.17453292519943295,18.0
504,14.052228346443608,-4.73577098011891,15.0,-0.5269370178933335,4.0,-0.17453292519943295,18.0
505,15.277498294714437,-5.601053335113162,15.0,-0.5796307196826668,4.0,-0.17453292519943295,18.0
506,16.455493744930138,-6.529668820268945,15.0,-0.6323244214720001,4.0,-0.17453292519943295,18.0
507,17.582944600808403,-7.519039614046165,15.0,-0.6850181232613334,4.0,-0.17453292519943295,18.0
508,18.65672107704182,-8.566419239152436,15.0,-0.7377118250506667,4.0,-0.17453292519943295,18.0
509,19.673842387531153,-9.66890018671954,15.0,-0.79040552684,4.0,-0.17453292519943295,18.0
510,20.63148501999928,-10.823421987500936,15.0,-0.8430992286293333,4.0,-0.17453292519943295,18.0
511,21.526990574015503,-12.026779707684796,15.0,-0.8957929304186666,4.0,-0.17453292519943295,18.0
512,22.357873140672083,-13.275632845738336,15.0,-0.9484866322079999,4.0,-0.17453292519943295,18.0
513,23.121826203427073,-14.56651460558595,15.0,-1.0011803339973333,4.0,-0.17453292519943295,18.0
514,23.81672904095688,-15.89584152037893,15.0,-1.0538740357866667,4.0,-0.17453292519943295,18.0
515,24.440652614244286,-17.259923400141385,15.0,-1.1065677375760001,4.0,-0.17453292519943295,18.0
516,24.99186492155951,-18.654973575677815,15.0,-1.1592614393653335,4.0,-0.17453292519943295,18.0
517,25.46883580646894,-20.077119410305443,15.0,-1.211955141154667,4.0,-0.17453292519943295,18.0
518,25.870241205524604,-21.522413050230895,15.0,-1.2646488429440004,4.0,-0.17453292519943295,18.0
519,26.19496682384284,-22.986842383728362,15.0,-1.3173425447333338,4.0,-0.17453292519943295,18.0
520,26.442111228368848,-24.466342178696745,15.0,-1.3700362465226672,4.0,-0.17453292519943295,18.0
521,26.610988350240234,-25.95680536767809,15.0,-1.4227299483120006,4.0,-0.17453292519943295,18.0
522,26.701129389303063,-27.454094449010306,15.0,-1.475423650101334,4.0,-0.17453292519943295,18.0
523,26.712284115493482,-28.954052972464744,15.0,-1.5281173518906674,4.0,-0.17453292519943295,18.0
524,1.496760702073578,-0.0985261423593253,15.0,-0.039410456943730125,4.0,-0.1308996938995747,19.0
525,2.9884772269025985,-0.2559485345150484,15.0,-0.07882091388746025,4.0,-0.1308996938995747,19.0
526,4.472832963941202,-0.47202270215334874,15.0,-0.11823137083119037,4.0,-0.1308996938995747,19.0
527,5.9475227338225345,-0.746413085744579,15.0,-0.1576418277749205,4.0,-0.1308996938995747,19.0
528,7.410256368263336,-1.0786935616615423,15.0,-0.19705228471865063,4.0,-0.1308996938995747,19.0
529,8.85876226665657,-1.4683481039422812,15.0,-0.23646274166238077,4.0,-0.1308996938995747,19.0
530,10.290790923828762,-1.9147715856696739,15.0,-0.27587319860611087,4.0,-0.1308996938995747,19.0
531,11.704118423483513,-2.417270718723306,15.0,-0.315283655549841,4.0,-0.1308996938995747,19.0
532,13.096549891905905,-2.9750651304442033,15.0,-0.35469411249357113,4.0,-0.1308996938995747,19.0
533,14.465922906564282,-3.5872885755403776,15.0,-0.39410456943730127,4.0,-0.1308996938995747,19.0
534,15.810110854315885,-4.252990281351122,15.0,-0.4335150263810314,4.0,-0.1308996938995747,19.0
535,17.12702623400111,-4.971136424380879,15.0,-0.47292548332476153,4.0,-0.1308996938995747,19.0
536,18.414623898297528,-5.740611735809657,15.0,-0.5123359402684916,4.0,-0.1308996938995747,19.0
537,19.67090422979909,-6.560221233486647,15.0,-0.5517463972122217,4.0,-0.1308996938995747,19.0
538,20.893916246388166,-7.42869207771731,15.0,-0.5911568541559519,4.0,-0.1308996938995747,19.0
539,22.081760631077795,-8.344675547961897,15.0,-0.630567311099682,4.0,-0.1308996938995747,19.0
540,23.23259268161885,-9.306749137375656,15.0,-0.6699777680434121,4.0,-0.1308996938995747,19.0
541,24.344625175291448,-10.313418761937907,15.0,-0.7093882249871423,4.0,-0.1308996938995747,19.0
542,25.416131144431624,-11.363121080739276,15.0,-0.7487986819308724,4.0,-0.1308996938995747,19.0
543,26.445446558382923,-12.454225923823692,15.0,-0.7882091388746025,4.0,-0.1308996938995747,19.0
544,27.43097290770787,-13.585038823814777,15.0,-0.8276195958183327,4.0,-0.1308996938995747,19.0
545,28.371179686646105,-14.753803647395033,15.0,-0.8670300527620628,4.0,-0.1308996938995747,19.0
546,29.26460676996397,-15.9587053225512,15.0,-0.9064405097057929,4.0,-0.1308996938995747,19.0
547,30.10986668050429,-17.19787265735041,15.0,-0.9458509666495231,4.0,-0.1308996938995747,19.0
548,30.905646743914964,-18.469381245869613,15.0,-0.9852614235932532,4.0,-0.1308996938995747,19.0
549,31.650711127210037,-19.77125645676547,15.0,-1.0246718805369832,4.0,-0.1308996938995747,19.0
550,32.343902757997434,-21.101476499843425,15.0,-1.0640823374807133,4.0,-0.1308996938995747,19.0
551,32.984145121392814,-22.457975565863705,15.0,-1.1034927944244435,4.0,-0.1308996938995747,19.0
552,33.57044393182901,-23.838647034708156,15.0,-1.1429032513681736,4.0,-0.1308996938995747,19.0
553,1.4985668815269824,-0.06555380683450368,15.0,-0.026221522733801475,4.0,-0.08726646259971647,20.0
554,2.994899885400705,-0.17037528134351454,15.0,-0.05244304546760295,4.0,-0.08726646259971647,20.0
555,4.487970239497521,-0.3143923557382081,15.0,-0.07866456820140443,4.0,-0.08726646259971647,20.0
556,5.976751414859667,-0.49750601412367146,15.0,-0.1048860909352059,4.0,-0.08726646259971647,20.0
557,7.46021983146354,-0.7195903605751887,15.0,-0.13110761366900736,4.0,-0.08726646259971647,20.0
558,8.937355561960509,-0.9804927056953221,15.0,-0.15732913640280882,4.0,-0.08726646259971647,20.0
559,10.407143032906399,-1.28003367159228,15.0,-0.18355065913661028,4.0,-0.08726646259971647,20.0
560,11.868571722997546,-1.6180073152073937,15.0,-0.20977218187041174,4.0,-0.08726646259971647,20.0
561,13.32063685783335,-1.994181269906914,15.0,-0.2359937046042132,4.0,-0.08726646259971647,20.0
562,14.76234010072768,-2.4082969052407774,15.0,-0.26221522733801467,4.0,-0.08726646259971647,20.0
563,16.192690239094155,-2.8600695047585054,15.0,-0.28843675007181613,4.0,-0.08726646259971647,20.0
564,17.6107038659334,-3.34918846175998,15.0,-0.3146582728056176,4.0,-0.08726646259971647,20.0
565,19.01540605595374,-3.875317492846514,15.0,-0.34087979553941905,4.0,-0.08726646259971647,20.0
566,20.40583103586048,-4.438094869125394,15.0,-0.3671013182732205,4.0,-0.08726646259971647,20.0
567,21.781022848352908,-5.037133664908932,15.0,-0.393322841007022,4.0,-0.08726646259971647,20.0
568,23.14003600937253,-5.672022023737043,15.0,-0.41954436374082343,4.0,-0.08726646259971647,20.0
569,24.481936158150653,-6.3423234415404455,15.0,-0.4457658864746249,4.0,-0.08726646259971647,20.0
570,25.80580069960837,-7.04757706674981,15.0,-0.47198740920842636,4.0,-0.08726646259971647,20.0
571,27.110719438667303,-7.78729801714451,15.0,-0.4982089319422278,4.0,-0.08726646259971647,20.0
572,28.395795206035,-8.560977713223142,15.0,-0.5244304546760293,4.0,-0.08726646259971647,20.0
573,29.6601444750347,-9.368084227866612,15.0,-0.5506519774098309,4.0,-0.08726646259971647,20.0
574,30.90289796905542,-10.20806265205338,15.0,-0.5768735001436324,4.0,-0.08726646259971647,20.0
575,32.123201259204734,-11.080335476375426,15.0,-0.6030950228774339,4.0,-0.08726646259971647,20.0
576,33.32021535175327,-11.984302988092637,15.0,-0.6293165456112354,4.0,-0.08726646259971647,20.0
577,34.493117264967125,-12.919343683452619,15.0,-0.6555380683450369,4.0,-0.08726646259971647,20.0
578,35.64110059493156,-13.884814694992468,15.0,-0.6817595910788384,4.0,-0.08726646259971647,20.0
579,36.76337606997694,-14.880052233528701,15.0,-0.70798111381264,4.0,-0.08726646259971647,20.0
580,37.85917209332583,-15.90437204453148,15.0,-0.7342026365464415,4.0,-0.08726646259971647,20.0
581,38.927735273588,-16.95706987856934,15.0,-0.760424159280243,4.0,-0.08726646259971647,20.0
582,1.4996427005904893,-0.032737907166824114,15.0,-0.013095162866729643,4.0,-0.043633231299858244,21.0
583,2.9987281252123434,-0.08511051151600615,15.0,-0.026190325733459287,4.0,-0.043633231299858244,21.0
584,4.4969992094377504,-0.1571088321493605,15.0,-0.039285488600188934,4.0,-0.043633231299858244,21.0
585,5.994199028482675,-0.24872052273438808,15.0,-0.052380651466918574,4.0,-0.043633231299858244,21.0
586,7.490070841264533,-0.35992987362143564,15.0,-0.06547581433364821,4.0,-0.043633231299858244,21.0
587,8.984358134428371,-0.4907178145375998,15.0,-0.07857097720037785,4.0,-0.043633231299858244,21.0
588,10.47680466633399,-0.6410619178569132,15.0,-0.0916661400671075,4.0,-0.043633231299858244,21.0
589,11.96715451099648,-0.8109364024462534,15.0,-0.10476130293383713,4.0,-0.043633231299858244,21.0
590,13.455152101972617,-1.0003121380863123,15.0,-0.11785646580056677,4.0,-0.043633231299858244,21.0
591,14.940542276185617,-1.2091566504668707,15.0,-0.13095162866729643,4.0,-0.043633231299858244,21.0
592,16.423070317680715,-1.4374341267555215,15.0,-0.14404679153402608,4.0,-0.043633231299858244,21.0
593,17.90248200130406,-1.6851054217388828,15.0,-0.15714195440075573,4.0,-0.043633231299858244,21.0
594,19.37852363629748,-1.9521280645352526,15.0,-0.1702371172674854,4.0,-0.043633231299858244,21.0
595,20.850942109801558,-2.2384562658775513,15.0,-0.18333228013421504,4.0,-0.043633231299858244,21.0
596,22.319484930259666,-2.5440409259653034,15.0,-0.1964274430009447,4.0,-0.043633231299858244,21.0
597,23.783900270715407,-2.8688296428843136,15.0,-0.20952260586767435,4.0,-0.043633231299858244,21.0
598,25.243937011996124,-3.212766721592589,15.0,-0.222617768734404,4.0,-0.043633231299858244,21.0
599,26.699344785775025,-3.575793183470974,15.0,-0.23571293160113366,4.0,-0.043633231299858244,21.0
600,28.14987401750456,-3.9578467764368512,15.0,-0.2488080944678633,4.0,-0.043633231299858244,21.0
601,29.59527596921365,-4.358861985619183,15.0,-0.26190325733459296,4.0,-0.043633231299858244,21.0
602,31.035302782161516,-4.778770044593055,15.0,-0.2749984202013226,4.0,-0.043633231299858244,21.0
603,32.46970751934069,-5.217498947171802,15.0,-0.2880935830680522,4.0,-0.043633231299858244,21.0
604,33.89824420782196,-5.674973459754687,15.0,-0.30118874593478184,4.0,-0.043633231299858244,21.0
605,35.32066788093406,-6.151115134228025,15.0,-0.31428390880151147,4.0,-0.043633231299858244,21.0
606,36.736734620270724,-6.645842321417528,15.0,-0.3273790716682411,4.0,-0.043633231299858244,21.0
607,38.146201597518015,-7.159070185089578,15.0,-0.3404742345349707,4.0,-0.043633231299858244,21.0
608,39.54882711609476,-7.690710716499013,15.0,-0.35356939740170035,4.0,-0.043633231299858244,21.0
609,40.94437065259887,-8.240672749480941,15.0,-0.36666456026843,4.0,-0.043633231299858244,21.0
610,42.33259289805247,-8.80886197608399,15.0,-0.3797597231351596,4.0,-0.043633231299858244,21.0
611,1.5,0.0,15.0,0.0,4.0,0.0,22.0
612,3.0,0.0,15.0,0.0,4.0,0.0,22.0
613,4.5,0.0,15.0,0.0,4.0,0.0,22.0
614,6.0,0.0,15.0,0.0,4.0,0.0,22.0
615,7.5,0.0,15.0,0.0,4.0,0.0,22.0
616,9.0,0.0,15.0,0.0,4.0,0.0,22.0
617,10.5,0.0,15.0,0.0,4.0,0.0,22.0
618,12.0,0.0,15.0,0.0,4.0,0.0,22.0
619,13.5,0.0,15.0,0.0,4.0,0.0,22.0
620,15.0,0.0,15.0,0.0,4.0,0.0,22.0
621,16.5,0.0,15.0,0.0,4.0,0.0,22.0
622,18.0,0.0,15.0,0.0,4.0,0.0,22.0
623,19.5,0.0,15.0,0.0,4.0,0.0,22.0
624,21.0,0.0,15.0,0.0,4.0,0.0,22.0
625,22.5,0.0,15.0,0.0,4.0,0.0,22.0
626,24.0,0.0,15.0,0.0,4.0,0.0,22.0
627,25.5,0.0,15.0,0.0,4.0,0.0,22.0
628,27.0,0.0,15.0,0.0,4.0,0.0,22.0
629,28.5,0.0,15.0,0.0,4.0,0.0,22.0
630,30.0,0.0,15.0,0.0,4.0,0.0,22.0
631,31.5,0.0,15.0,0.0,4.0,0.0,22.0
632,33.0,0.0,15.0,0.0,4.0,0.0,22.0
633,34.5,0.0,15.0,0.0,4.0,0.0,22.0
634,36.0,0.0,15.0,0.0,4.0,0.0,22.0
635,37.5,0.0,15.0,0.0,4.0,0.0,22.0
636,39.0,0.0,15.0,0.0,4.0,0.0,22.0
637,40.5,0.0,15.0,0.0,4.0,0.0,22.0
638,42.0,0.0,15.0,0.0,4.0,0.0,22.0
639,43.5,0.0,15.0,0.0,4.0,0.0,22.0
640,1.4996427005904893,0.032737907166824114,15.0,0.013095162866729643,4.0,0.043633231299858244,23.0
641,2.9987281252123434,0.08511051151600615,15.0,0.026190325733459287,4.0,0.043633231299858244,23.0
642,4.4969992094377504,0.1571088321493605,15.0,0.039285488600188934,4.0,0.043633231299858244,23.0
643,5.994199028482675,0.24872052273438808,15.0,0.052380651466918574,4.0,0.043633231299858244,23.0
644,7.490070841264533,0.35992987362143564,15.0,0.06547581433364821,4.0,0.043633231299858244,23.0
645,8.984358134428371,0.4907178145375998,15.0,0.07857097720037785,4.0,0.043633231299858244,23.0
646,10.47680466633399,0.6410619178569132,15.0,0.0916661400671075,4.0,0.043633231299858244,23.0
647,11.96715451099648,0.8109364024462534,15.0,0.10476130293383713,4.0,0.043633231299858244,23.0
648,13.455152101972617,1.0003121380863123,15.0,0.11785646580056677,4.0,0.043633231299858244,23.0
649,14.940542276185617,1.2091566504668707,15.0,0.13095162866729643,4.0,0.043633231299858244,23.0
650,16.423070317680715,1.4374341267555215,15.0,0.14404679153402608,4.0,0.043633231299858244,23.0
651,17.90248200130406,1.6851054217388828,15.0,0.15714195440075573,4.0,0.043633231299858244,23.0
652,19.37852363629748,1.9521280645352526,15.0,0.1702371172674854,4.0,0.043633231299858244,23.0
653,20.850942109801558,2.2384562658775513,15.0,0.18333228013421504,4.0,0.043633231299858244,23.0
654,22.319484930259666,2.5440409259653034,15.0,0.1964274430009447,4.0,0.043633231299858244,23.0
655,23.783900270715407,2.8688296428843136,15.0,0.20952260586767435,4.0,0.043633231299858244,23.0
656,25.243937011996124,3.212766721592589,15.0,0.222617768734404,4.0,0.043633231299858244,23.0
657,26.699344785775025,3.575793183470974,15.0,0.23571293160113366,4.0,0.043633231299858244,23.0
658,28.14987401750456,3.9578467764368512,15.0,0.2488080944678633,4.0,0.043633231299858244,23.0
659,29.59527596921365,4.358861985619183,15.0,0.26190325733459296,4.0,0.043633231299858244,23.0
660,31.035302782161516,4.778770044593055,15.0,0.2749984202013226,4.0,0.043633231299858244,23.0
661,32.46970751934069,5.217498947171802,15.0,0.2880935830680522,4.0,0.043633231299858244,23.0
662,33.89824420782196,5.674973459754687,15.0,0.30118874593478184,4.0,0.043633231299858244,23.0
663,35.32066788093406,6.151115134228025,15.0,0.31428390880151147,4.0,0.043633231299858244,23.0
664,36.736734620270724,6.645842321417528,15.0,0.3273790716682411,4.0,0.043633231299858244,23.0
665,38.146201597518015,7.159070185089578,15.0,0.3404742345349707,4.0,0.043633231299858244,23.0
666,39.54882711609476,7.690710716499013,15.0,0.35356939740170035,4.0,0.043633231299858244,23.0
667,40.94437065259887,8.240672749480941,15.0,0.36666456026843,4.0,0.043633231299858244,23.0
668,42.33259289805247,8.80886197608399,15.0,0.3797597231351596,4.0,0.043633231299858244,23.0
669,1.4985668815269824,0.06555380683450367,15.0,0.026221522733801468,4.0,0.08726646259971646,24.0
670,2.994899885400705,0.17037528134351448,15.0,0.052443045467602936,4.0,0.08726646259971646,24.0
671,4.487970239497521,0.314392355738208,15.0,0.07866456820140441,4.0,0.08726646259971646,24.0
672,5.976751414859667,0.49750601412367135,15.0,0.10488609093520587,4.0,0.08726646259971646,24.0
673,7.46021983146354,0.7195903605751884,15.0,0.13110761366900733,4.0,0.08726646259971646,24.0
674,8.937355561960509,0.9804927056953219,15.0,0.1573291364028088,4.0,0.08726646259971646,24.0
675,10.407143032906399,1.2800336715922798,15.0,0.18355065913661026,4.0,0.08726646259971646,24.0
676,11.868571722997546,1.6180073152073935,15.0,0.20977218187041172,4.0,0.08726646259971646,24.0
677,13.32063685783335,1.9941812699069137,15.0,0.23599370460421318,4.0,0.08726646259971646,24.0
678,14.76234010072768,2.408296905240777,15.0,0.26221522733801467,4.0,0.08726646259971646,24.0
679,16.192690239094155,2.860069504758505,15.0,0.28843675007181613,4.0,0.08726646259971646,24.0
680,17.6107038659334,3.3491884617599794,15.0,0.3146582728056176,4.0,0.08726646259971646,24.0
681,19.01540605595374,3.8753174928465137,15.0,0.34087979553941905,4.0,0.08726646259971646,24.0
682,20.40583103586048,4.438094869125393,15.0,0.3671013182732205,4.0,0.08726646259971646,24.0
683,21.781022848352908,5.037133664908931,15.0,0.393322841007022,4.0,0.08726646259971646,24.0
684,23.14003600937253,5.672022023737042,15.0,0.41954436374082343,4.0,0.08726646259971646,24.0
685,24.481936158150653,6.342323441540445,15.0,0.4457658864746249,4.0,0.08726646259971646,24.0
686,25.80580069960837,7.04757706674981,15.0,0.47198740920842636,4.0,0.08726646259971646,24.0
687,27.110719438667303,7.78729801714451,15.0,0.4982089319422278,4.0,0.08726646259971646,24.0
688,28.395795206035,8.560977713223142,15.0,0.5244304546760293,4.0,0.08726646259971646,24.0
689,29.6601444750347,9.368084227866612,15.0,0.5506519774098309,4.0,0.08726646259971646,24.0
690,30.90289796905542,10.20806265205338,15.0,0.5768735001436324,4.0,0.08726646259971646,24.0
691,32.123201259204734,11.080335476375426,15.0,0.6030950228774339,4.0,0.08726646259971646,24.0
692,33.32021535175327,11.984302988092637,15.0,0.6293165456112354,4.0,0.08726646259971646,24.0
693,34.493117264967125,12.919343683452619,15.0,0.6555380683450369,4.0,0.08726646259971646,24.0
694,35.64110059493156,13.884814694992468,15.0,0.6817595910788384,4.0,0.08726646259971646,24.0
695,36.76337606997694,14.880052233528701,15.0,0.70798111381264,4.0,0.08726646259971646,24.0
696,37.85917209332583,15.90437204453148,15.0,0.7342026365464415,4.0,0.08726646259971646,24.0
697,38.927735273588,16.95706987856934,15.0,0.760424159280243,4.0,0.08726646259971646,24.0
698,1.496760702073578,0.0985261423593253,15.0,0.039410456943730125,4.0,0.1308996938995747,25.0
699,2.9884772269025985,0.2559485345150484,15.0,0.07882091388746025,4.0,0.1308996938995747,25.0
700,4.472832963941202,0.47202270215334874,15.0,0.11823137083119037,4.0,0.1308996938995747,25.0
701,5.9475227338225345,0.746413085744579,15.0,0.1576418277749205,4.0,0.1308996938995747,25.0
702,7.410256368263336,1.0786935616615423,15.0,0.19705228471865063,4.0,0.1308996938995747,25.0
703,8.85876226665657,1.4683481039422812,15.0,0.23646274166238077,4.0,0.1308996938995747,25.0
704,10.290790923828762,1.9147715856696739,15.0,0.27587319860611087,4.0,0.1308996938995747,25.0
705,11.704118423483513,2.417270718723306,15.0,0.315283655549841,4.0,0.1308996938995747,25.0
706,13.096549891905905,2.9750651304442033,15.0,0.35469411249357113,4.0,0.1308996938995747,25.0
707,14.465922906564282,3.5872885755403776,15.0,0.39410456943730127,4.0,0.1308996938995747,25.0
708,15.810110854315885,4.252990281351122,15.0,0.4335150263810314,4.0,0.1308996938995747,25.0
709,17.12702623400111,4.971136424380879,15.0,0.47292548332476153,4.0,0.1308996938995747,25.0
710,18.414623898297528,5.740611735809657,15.0,0.5123359402684916,4.0,0.1308996938995747,25.0
711,19.67090422979909,6.560221233486647,15.0,0.5517463972122217,4.0,0.1308996938995747,25.0
712,20.893916246388166,7.42869207771731,15.0,0.5911568541559519,4.0,0.1308996938995747,25.0
713,22.081760631077795,8.344675547961897,15.0,0.630567311099682,4.0,0.1308996938995747,25.0
714,23.23259268161885,9.306749137375656,15.0,0.6699777680434121,4.0,0.1308996938995747,25.0
715,24.344625175291448,10.313418761937907,15.0,0.7093882249871423,4.0,0.1308996938995747,25.0
716,25.416131144431624,11.363121080739276,15.0,0.7487986819308724,4.0,0.1308996938995747,25.0
717,26.445446558382923,12.454225923823692,15.0,0.7882091388746025,4.0,0.1308996938995747,25.0
718,27.43097290770787,13.585038823814777,15.0,0.8276195958183327,4.0,0.1308996938995747,25.0
719,28.371179686646105,14.753803647395033,15.0,0.8670300527620628,4.0,0.1308996938995747,25.0
720,29.26460676996397,15.9587053225512,15.0,0.9064405097057929,4.0,0.1308996938995747,25.0
721,30.10986668050429,17.19787265735041,15.0,0.9458509666495231,4.0,0.1308996938995747,25.0
722,30.905646743914964,18.469381245869613,15.0,0.9852614235932532,4.0,0.1308996938995747,25.0
723,31.650711127210037,19.77125645676547,15.0,1.0246718805369832,4.0,0.1308996938995747,25.0
724,32.343902757997434,21.101476499843425,15.0,1.0640823374807133,4.0,0.1308996938995747,25.0
725,32.984145121392814,22.457975565863705,15.0,1.1034927944244435,4.0,0.1308996938995747,25.0
726,33.57044393182901,23.838647034708156,15.0,1.1429032513681736,4.0,0.1308996938995747,25.0
727,1.4942041648310165,0.13173425447333334,15.0,0.05269370178933334,4.0,0.17453292519943295,26.0
728,2.979396032775672,0.34198438025466377,15.0,0.10538740357866667,4.0,0.17453292519943295,26.0
729,4.451452735273662,0.6301667264015826,15.0,0.15808110536800002,4.0,0.17453292519943295,26.0
730,5.90628786677113,0.9954813033907104,15.0,0.21077480715733335,4.0,0.17453292519943295,26.0
731,7.339862828516267,1.436914003875652,15.0,0.2634685089466667,4.0,0.17453292519943295,26.0
732,8.748198039644013,1.9532394178325578,15.0,0.31616221073600004,4.0,0.17453292519943295,26.0
733,10.127383984428048,2.5430242342784943,15.0,0.3688559125253334,4.0,0.17453292519943295,26.0
734,11.473592065033111,3.2046312201195075,15.0,0.42154961431466675,4.0,0.17453292519943295,26.0
735,12.783085229640548,3.936223765083165,15.0,0.4742433161040001,4.0,0.17453292519943295,26.0
736,14.052228346443608,4.73577098011891,15.0,0.5269370178933335,4.0,0.17453292519943295,26.0
737,15.277498294714437,5.601053335113162,15.0,0.5796307196826668,4.0,0.17453292519943295,26.0
738,16.455493744930138,6.529668820268945,15.0,0.6323244214720001,4.0,0.17453292519943295,26.0
739,17.582944600808403,7.519039614046165,15.0,0.6850181232613334,4.0,0.17453292519943295,26.0
740,18.65672107704182,8.566419239152436,15.0,0.7377118250506667,4.0,0.17453292519943295,26.0
741,19.673842387531153,9.66890018671954,15.0,0.79040552684,4.0,0.17453292519943295,26.0
742,20.63148501999928,10.823421987500936,15.0,0.8430992286293333,4.0,0.17453292519943295,26.0
743,21.526990574015503,12.026779707684796,15.0,0.8957929304186666,4.0,0.17453292519943295,26.0
744,22.357873140672083,13.275632845738336,15.0,0.9484866322079999,4.0,0.17453292519943295,26.0
745,23.121826203427073,14.56651460558595,15.0,1.0011803339973333,4.0,0.17453292519943295,26.0
746,23.81672904095688,15.89584152037893,15.0,1.0538740357866667,4.0,0.17453292519943295,26.0
747,24.440652614244286,17.259923400141385,15.0,1.1065677375760001,4.0,0.17453292519943295,26.0
748,24.99186492155951,18.654973575677815,15.0,1.1592614393653335,4.0,0.17453292519943295,26.0
749,25.46883580646894,20.077119410305443,15.0,1.211955141154667,4.0,0.17453292519943295,26.0
750,25.870241205524604,21.522413050230895,15.0,1.2646488429440004,4.0,0.17453292519943295,26.0
751,26.19496682384284,22.986842383728362,15.0,1.3173425447333338,4.0,0.17453292519943295,26.0
752,26.442111228368848,24.466342178696745,15.0,1.3700362465226672,4.0,0.17453292519943295,26.0
753,26.610988350240234,25.95680536767809,15.0,1.4227299483120006,4.0,0.17453292519943295,26.0
754,26.701129389303063,27.454094449010306,15.0,1.475423650101334,4.0,0.17453292519943295,26.0
755,26.712284115493482,28.954052972464744,15.0,1.5281173518906674,4.0,0.17453292519943295,26.0
